Gender,CABG,PTCA,HYPERTENSION,BMI,id,MI,angina,race,age_at_onset,diabetes,hyperlipidemia,ever_smoke,genotype,chd
F,Y,N,Y,35.49168975,11563,,N,WH,52,Y,Y,N,AA,1
F,N,Y,Y,19.53125,11005,N,N,WH,53,N,N,Y,AT,1
F,N,Y,N,35.75595619,11006,N,N,WH,52,N,Y,Y,AT,1
F,Y,N,N,29.73390041,11010,N,N,WH,42,N,Y,Y,AA,1
F,Y,N,Y,27.18163009,11017,N,Y,WH,34,N,Y,Y,AA,1
F,N,Y,N,30.29778393,11029,N,Y,WH,46,N,Y,Y,AA,1
F,N,N,N,28.72008325,11030,N,Y,WH,52,N,Y,Y,AA,1
F,N,N,Y,24.97398543,11042,N,Y,WH,44,N,N,Y,AA,1
F,N,N,Y,27.88761707,11055,N,Y,WH,45,Y,Y,Y,AA,1
F,Y,N,Y,24.39105884,11074,N,,WH,55,N,N,Y,AA,1
F,Y,N,N,31.11111111,11075,N,Y,WH,41,N,Y,Y,AA,1
F,N,N,N,33.65929705,11084,N,Y,WH,54,N,N,Y,AA,1
F,N,N,Y,42.90714743,11099,N,Y,WH,55,Y,Y,Y,AA,1
F,N,Y,Y,20.33326721,14024,N,Y,WH,51,N,Y,N,AA,1
F,Y,Y,Y,40.97529312,13015,N,N,WH,49,N,Y,Y,AT,1
F,N,Y,Y,20.82093992,13016,N,N,WH,51,Y,N,Y,AA,1
F,Y,Y,Y,29.90302875,13020,N,N,WH,55,N,N,N,AT,1
F,N,Y,N,28.99930748,13024,N,N,WH,49,N,Y,Y,AA,1
F,N,Y,Y,22.58955144,13044,N,N,WH,49,N,Y,N,AA,1
F,Y,Y,N,26.37023814,13081,N,Y,WH,56,N,Y,N,TT,1
F,N,Y,N,23.4375,13091,N,Y,WH,53,N,Y,N,AA,1
F,Y,N,Y,19.22768787,13098,N,Y,WH,48,N,Y,N,AA,1
F,Y,N,Y,24.8357635,13111,N,N,WH,49,N,N,Y,AT,1
F,N,Y,Y,25.15589569,11510,N,Y,WH,39,N,Y,N,AA,1
F,Y,N,Y,38.54111729,11512,N,Y,WH,49,N,Y,Y,AT,1
F,Y,N,Y,25.39021852,11538,N,N,WH,51,N,Y,N,AA,1
F,Y,Y,N,26.28446737,11541,N,N,WH,51,N,N,Y,AT,1
F,Y,N,N,30.42719786,11551,N,Y,WH,39,N,Y,Y,AT,1
F,N,N,Y,25.71166208,11554,N,Y,WH,45,Y,N,Y,AA,1
F,N,N,Y,28.28282828,11555,N,Y,WH,45,N,Y,N,AA,1
F,Y,N,Y,26.171875,11559,N,Y,WH,42,N,Y,N,AA,1
F,Y,N,N,26.40235457,11560,N,Y,WH,53,N,Y,N,AA,1
F,Y,Y,Y,30.11937557,11575,N,N,WH,56,Y,Y,Y,AA,1
F,Y,N,Y,31.8877551,11577,N,Y,WH,53,Y,N,Y,AA,1
F,Y,N,N,28.125,11596,N,N,WH,44,N,Y,Y,,1
F,Y,N,Y,43.34251607,11619,N,Y,WH,54,N,Y,N,AA,1
F,Y,N,Y,35.546875,11629,N,Y,WH,53,N,Y,Y,AA,1
F,N,Y,Y,28.22838647,11638,N,,WH,53,Y,N,Y,AA,1
F,N,N,Y,26.5625,12009,N,Y,WH,46,N,Y,Y,AT,1
F,,,N,25.88757396,12013,N,Y,WH,46,N,Y,Y,,1
F,N,N,N,28.22838647,12019,N,Y,WH,46,N,Y,Y,AA,1
F,N,N,N,28.37370242,12022,N,Y,WH,41,N,Y,N,,1
F,Y,N,Y,31.60321237,12024,N,,WH,43,N,Y,Y,AA,1
F,N,N,N,26.6727633,12030,N,Y,WH,49,N,Y,Y,,1
F,N,N,Y,30.02439482,12033,N,Y,WH,41,N,N,N,,1
F,N,N,N,32.32323232,12043,N,Y,WH,49,N,N,Y,AA,1
F,N,N,N,33.33333333,12046,N,Y,WH,38,N,Y,N,AT,1
F,Y,N,Y,28.88888889,12070,N,Y,WH,45,N,Y,N,AA,1
F,Y,N,N,36.96082914,12071,N,Y,WH,37,Y,Y,Y,AA,1
F,N,Y,N,25.33333333,12075,N,Y,WH,46,N,Y,Y,AT,1
F,Y,N,N,32.1799308,12082,N,Y,WH,36,Y,Y,Y,TT,1
F,N,N,Y,23.14049587,12113,N,Y,WH,50,N,N,Y,AA,1
F,Y,N,Y,27.47562949,12115,N,Y,WH,49,N,Y,Y,AA,1
F,N,N,Y,24.67105263,12120,N,Y,WH,44,N,N,N,AT,1
F,N,Y,Y,30.79584775,12136,N,Y,WH,53,N,Y,Y,AA,1
F,N,N,Y,22.65625,11009,Y,N,WH,35,N,Y,N,AA,1
F,N,N,Y,30.859375,11013,Y,N,WH,50,Y,Y,Y,AA,1
F,N,N,N,25.96454217,11028,Y,Y,WH,47,N,Y,N,AA,1
F,Y,Y,Y,21.75019668,11033,Y,Y,WH,53,N,Y,Y,AA,1
F,N,N,N,24.16326531,11037,Y,Y,WH,32,N,Y,Y,AA,1
F,Y,N,Y,30.48668503,11044,Y,Y,WH,48,N,N,Y,AA,1
F,N,N,N,58.5399449,11048,Y,Y,WH,38,N,Y,Y,AA,1
F,N,Y,Y,40.64887651,11059,Y,Y,WH,51,N,Y,Y,AA,1
F,Y,Y,N,19.47340663,11077,Y,Y,WH,53,N,Y,Y,AA,1
F,N,N,N,25.15315023,11080,Y,Y,WH,44,N,N,Y,AA,1
F,N,N,N,31.8877551,11087,Y,Y,WH,55,N,Y,Y,AT,1
F,Y,N,Y,33.12130679,11101,Y,Y,WH,43,N,Y,N,AA,1
F,Y,N,N,24.15881797,14004,Y,Y,WH,32,N,N,N,,1
F,N,Y,Y,28.65013774,14007,Y,Y,WH,52,N,Y,N,AT,1
F,N,N,N,22.94811575,14018,Y,N,WH,44,N,Y,N,AA,1
F,N,N,Y,43.43216716,14026,Y,Y,WH,37,Y,N,Y,,1
F,N,N,Y,24.34175829,14027,Y,N,WH,36,N,N,Y,,1
F,N,N,N,29.37239738,14029,Y,Y,WH,46,N,Y,N,AT,1
F,N,Y,Y,27.34375,14038,Y,Y,WH,45,N,Y,N,AA,1
F,Y,N,Y,31.56167151,14040,Y,Y,WH,53,N,Y,Y,AA,1
F,Y,N,Y,23.72281065,14046,Y,Y,WH,46,N,Y,N,AA,1
F,Y,N,Y,25.72103222,13028,Y,N,WH,53,N,Y,Y,AA,1
F,Y,N,N,26.14268848,13036,Y,N,WH,51,N,Y,Y,,1
F,N,Y,N,,13040,Y,N,WH,46,N,Y,Y,AA,1
F,N,N,N,29.55254943,13057,Y,N,WH,48,N,N,Y,AA,1
F,N,N,N,26.37023814,13078,Y,N,WH,47,,Y,Y,AT,1
F,N,N,N,24.21875,13082,Y,N,WH,36,N,Y,Y,AA,1
F,N,Y,N,27.55555556,13085,Y,N,WH,39,N,N,Y,AA,1
F,N,N,N,23.62444749,13087,Y,N,WH,45,N,Y,Y,TT,1
F,N,N,Y,28.515625,11511,Y,Y,WH,41,N,Y,Y,AT,1
F,Y,Y,Y,26.77593412,11518,Y,Y,WH,34,N,Y,Y,AA,1
F,N,N,Y,38.28125,11523,Y,Y,WH,51,N,N,N,AT,1
F,Y,N,N,32.86137369,11529,Y,N,WH,44,N,N,N,AA,1
F,Y,Y,Y,33.26706966,11534,Y,Y,WH,20,N,Y,Y,AA,1
F,Y,Y,Y,23.52941177,11549,Y,Y,WH,42,N,N,N,AA,1
F,N,N,N,28.60476495,11592,Y,N,WH,47,,Y,Y,AA,1
F,Y,N,N,27.47138398,11605,Y,,WH,44,N,Y,Y,AA,1
F,Y,Y,N,22.31327843,11609,Y,Y,WH,31,N,Y,Y,AA,1
F,N,Y,Y,35.79604579,11610,Y,Y,WH,46,N,Y,N,,1
F,N,N,N,53.125,11611,Y,Y,WH,25,N,Y,Y,AA,1
F,Y,N,Y,21.45357371,11624,Y,Y,WH,38,N,Y,N,AT,1
F,N,N,Y,26.63891779,12012,Y,Y,WH,54,N,Y,N,AA,1
F,N,N,N,27.34375,12025,Y,Y,WH,52,N,Y,Y,,1
F,Y,N,Y,36.19875019,12027,Y,N,WH,50,N,Y,Y,AA,1
F,N,N,N,33.12130679,12032,Y,Y,WH,53,N,Y,Y,AA,1
F,N,N,Y,37.37842938,12034,Y,Y,WH,35,Y,Y,Y,AA,1
F,N,N,N,41.11842105,12045,Y,Y,WH,50,N,N,Y,AA,1
F,Y,N,Y,23.79535991,12052,Y,Y,WH,53,N,Y,N,AA,1
F,N,Y,N,28.82753029,12055,Y,N,WH,46,N,N,Y,AA,1
F,Y,N,N,26.34649403,12057,Y,Y,WH,42,N,Y,Y,AT,1
F,N,Y,N,30.38501561,12058,Y,N,WH,51,N,Y,Y,,1
F,Y,N,N,25.96454217,12059,Y,Y,WH,45,N,Y,N,AA,1
F,Y,N,Y,34.5758138,12064,Y,Y,WH,42,N,Y,Y,AA,1
F,N,N,Y,46.30881558,12068,Y,N,WH,52,N,N,Y,,1
F,N,N,Y,25.96454217,12073,Y,N,WH,49,N,Y,Y,AA,1
F,N,N,Y,34.0490306,12086,Y,Y,WH,39,N,Y,Y,AT,1
F,N,Y,Y,36.10694146,12093,Y,Y,WH,51,N,Y,Y,AA,1
F,Y,N,Y,39.35250923,12110,Y,Y,WH,38,N,N,Y,AA,1
F,N,N,Y,26.29757786,12116,Y,,WH,48,N,Y,Y,AA,1
F,Y,N,N,24.08822312,12117,Y,Y,WH,51,N,Y,Y,AA,1
F,N,N,N,21.56454491,12126,Y,Y,WH,49,N,Y,Y,AT,1
F,N,N,N,21.484375,12135,Y,N,WH,36,N,N,Y,AA,1
F,N,N,Y,28.30385016,12138,Y,Y,WH,47,N,Y,N,AT,1
F,N,N,Y,43.00377297,12139,Y,Y,WH,38,Y,Y,Y,AA,1
